"GENE","FC","log2(FC)","raw.pval","-log10(p)"
"O08677",0.70274,-0.50894,0.00023022,3.6379
"E9PV44",0.55436,-0.85109,0.0013223,2.8787
"Q8C2T3",0.69902,-0.51659,0.001751,2.7567
"Q544Z3",0.74551,-0.42371,0.0036612,2.4364
"Q9Z1R9",1.7056,0.77024,0.0056426,2.2485
"B9EI85",0.71911,-0.47571,0.0057438,2.2408
"P05202",1.5094,0.59396,0.0063855,2.1948
"Q8VCT3",1.4665,0.55242,0.0065064,2.1867
"P08228",0.73666,-0.44093,0.0065294,2.1851
"Q3UEI6",0.7927,-0.33516,0.0076132,2.1184
"E9PZF0",0.76935,-0.37829,0.008551,2.068
"P40142",0.78908,-0.34176,0.0090823,2.0418
"Q6IRU2",0.73763,-0.43903,0.0098991,2.0044
"Q00897",0.65483,-0.61081,0.011072,1.9558
"Q5SQB7",0.66322,-0.59243,0.012475,1.904
"Q99KI0",1.5527,0.63479,0.013219,1.8788
"Q9DCD8",0.74446,-0.42574,0.013742,1.862
"P01027",0.83209,-0.26519,0.016392,1.7854
"Q8C0W0",0.55732,-0.84343,0.018966,1.722
"Q4FK74",0.66518,-0.58819,0.020633,1.6854
"Q3TCL2",1.5689,0.64979,0.020753,1.6829
"Q60692",0.72843,-0.45713,0.022512,1.6476
"P10639",0.73501,-0.44417,0.024061,1.6187
"Q8CD23",0.62885,-0.66921,0.025652,1.5909
"P10761",0.70671,-0.50081,0.027533,1.5601
"A2A513",1.8395,0.8793,0.028015,1.5526
"Q8CEW1",0.57689,-0.79363,0.02941,1.5315
"P51859",0.83234,-0.26476,0.03288,1.4831
"A0A2R8VHP3",2.4123,1.2704,0.033107,1.4801
"P0DP27",0.70475,-0.50482,0.03398,1.4688
"Q9CWU9",1.5655,0.64666,0.03421,1.4659
"Q78ZJ8",1.2284,0.29674,0.03446,1.4627
"Q91WT7",1.4127,0.49845,0.034956,1.4565
"P56480",0.83099,-0.26709,0.035556,1.4491
"Q3UX44",0.72456,-0.46482,0.035768,1.4465
"P62983",0.65811,-0.6036,0.036729,1.435
"Q4FJM2",0.31154,-1.6825,0.038341,1.4163
"Q8CBM0",0.57105,-0.80831,0.040166,1.3961
"P19157",1.5326,0.61598,0.040561,1.3919
"Q3U9A8",0.76978,-0.37748,0.041074,1.3864
"Q4FZG2",0.62755,-0.6722,0.044228,1.3543
"H7BX95",0.71677,-0.48041,0.045995,1.3373
"P56959",0.73811,-0.43808,0.048538,1.3139
"P47962",1.3928,0.47794,0.049873,1.3021
"Q61425",1.5073,0.59199,0.05037,1.2978
"Q5EBQ2",0.82979,-0.26918,0.052076,1.2834
"Q4L0E7",1.7115,0.77528,0.056968,1.2444
"Q8BMS1",1.3728,0.45709,0.057221,1.2424
"Q66JR8",0.7965,-0.32825,0.059165,1.2279
"P70670",0.84478,-0.24336,0.059167,1.2279
"P21614",0.71621,-0.48156,0.061369,1.2121
"P63101",0.83867,-0.25382,0.062871,1.2015
"Q497I3",0.71963,-0.47466,0.063233,1.1991
"P24549",1.1993,0.26221,0.066747,1.1756
"A0A0R4J0Z1",1.3119,0.39161,0.066961,1.1742
"Q921I1",0.67117,-0.57524,0.067093,1.1733
"P47738",1.3824,0.46718,0.069346,1.159
"Q8JZM7",1.394,0.47925,0.073775,1.1321
"E9Q1Z0",1.8676,0.90116,0.074371,1.1286
"Q9D8N0",1.3341,0.41589,0.078665,1.1042
"Q9DCX2",0.75242,-0.41039,0.079032,1.1022
"A0A0R4J0G5",1.4251,0.5111,0.081251,1.0902
"P14824",1.4117,0.49744,0.081669,1.0879
"Q3TN31",0.7541,-0.40717,0.082684,1.0826
"Q9D8L4",0.65935,-0.60089,0.082856,1.0817
"Q9JM76",1.3109,0.39053,0.083612,1.0777
"Q4KL76",0.69833,-0.51802,0.084354,1.0739
"Q58E70",0.78986,-0.34033,0.087595,1.0575
"Q9R0P9",0.86256,-0.21331,0.087797,1.0565
"Q3TE63",1.3319,0.4135,0.08975,1.047
"Q3UIJ2",1.2621,0.33579,0.090347,1.0441
"P04104",1.559,0.64064,0.092673,1.033
"Q8BWF0",1.1823,0.24163,0.092783,1.0325
"Q61838",0.79341,-0.33387,0.097247,1.0121
"P99027",0.73927,-0.43583,0.097912,1.0092
"Q9WVA4",0.80065,-0.32075,0.10029,0.99873
"Q3U7Z6",0.78515,-0.34896,0.10087,0.99625
"Q03265",0.86465,-0.20981,0.10187,0.99194
"P15864",0.69079,-0.53368,0.10289,0.98764
"P52480",1.2807,0.35694,0.10427,0.98184
"B2M1R6",0.89177,-0.16526,0.10487,0.97934
"Q80ZP8",0.73683,-0.44059,0.10622,0.97381
"Q01853",0.88097,-0.18283,0.10651,0.9726
"Q3UF30",0.78071,-0.35714,0.10731,0.96937
"Q543J5",0.56344,-0.82766,0.10778,0.96744
"Q8C6E3",1.1983,0.26097,0.1102,0.9578
"G3UW85",0.78493,-0.34937,0.11266,0.94823
"Q8C1B7",1.243,0.31379,0.11279,0.94772
"P20108",0.80857,-0.30655,0.11311,0.94651
"Q542G9",1.3377,0.41978,0.11502,0.93922
"Q8CEH8",1.5054,0.59018,0.11534,0.93802
"P48036",1.5069,0.59159,0.11576,0.93645
"P52196",1.2681,0.34265,0.11584,0.93615
"Q9WUU7",1.1745,0.23206,0.11654,0.93354
"P42125",0.81404,-0.29683,0.11823,0.92727
"P34884",1.8342,0.87514,0.12042,0.91929
"Q3TTY5",1.6587,0.73007,0.12205,0.91347
"E9Q450",0.73533,-0.44353,0.12689,0.89658
"Q93092",1.3191,0.39957,0.12844,0.8913
"P63028",0.73429,-0.44558,0.12866,0.89055
"D3YWF6",1.4057,0.49125,0.13047,0.8845
"Q91X72",0.72008,-0.47377,0.13057,0.88416
"Q3UYH9",1.4344,0.52047,0.13218,0.87883
"Q9CVB6",1.2696,0.34441,0.13293,0.87638
"Q9DCD0",1.4844,0.56986,0.13406,0.87269
"D3Z7C6",0.79534,-0.33036,0.13473,0.87053
"Q4V9X9",0.89217,-0.16461,0.1354,0.86837
"P51885",0.71066,-0.49277,0.13561,0.86771
"P68510",0.78693,-0.34569,0.13659,0.86459
"Q642K0",0.71491,-0.48417,0.13814,0.85969
"Q8VED5",1.9236,0.94384,0.13857,0.85833
"Q5FW97",1.4436,0.52963,0.14004,0.85376
"Q9CQR2",0.82423,-0.27887,0.14015,0.85341
"Q3TED3",1.7103,0.77427,0.14098,0.85085
"Q9CR84",0.61505,-0.70123,0.14254,0.84606
"Q3UKW1",0.74986,-0.41531,0.14308,0.84443
"Q61686",0.77172,-0.37384,0.14497,0.83873
"Q61667",1.7841,0.83517,0.14599,0.83568
"P10649",1.329,0.4103,0.14912,0.82646
"Q5U445",0.63014,-0.66625,0.14932,0.82588
"Q6P2K2",1.3369,0.41886,0.15049,0.8225
"A0A0F7QZE4",0.6272,-0.67301,0.15224,0.81748
"Q6RI64",0.8038,-0.31509,0.15244,0.81689
"P62259",0.81014,-0.30376,0.15336,0.81428
"P50396",1.5883,0.66752,0.15515,0.80924
"Q3U094",1.3487,0.43155,0.15516,0.80922
"Q3UC02",1.2014,0.26472,0.15758,0.80251
"P16045",0.78102,-0.35657,0.15769,0.80218
"Q3TL58",0.70434,-0.50565,0.15771,0.80215
"Q9QZQ8",0.81799,-0.28985,0.16108,0.79295
"P32067",0.90646,-0.14168,0.16497,0.7826
"G3UWX9",0.7574,-0.40088,0.16596,0.78
"P50544",1.3202,0.40073,0.16601,0.77986
"P05213",1.253,0.32537,0.16816,0.77428
"Q9R1P0",0.79165,-0.33706,0.16891,0.77233
"P70349",0.87141,-0.19858,0.17098,0.76706
"P08249",1.2643,0.33839,0.17115,0.76661
"P12787",0.58369,-0.77672,0.17273,0.76262
"Q548W7",0.71214,-0.48976,0.17356,0.76056
"Q6ZWX2",0.65667,-0.60677,0.17514,0.75662
"A0A1B0GSX0",0.86921,-0.20223,0.17621,0.75397
"Q571M2",1.2955,0.37352,0.17907,0.74698
"Q6ZWY3",0.36892,-1.4386,0.17965,0.74558
"Q3TUF3",0.83421,-0.26151,0.17984,0.74512
"P34914",1.6045,0.68215,0.18057,0.74334
"P11404",0.78923,-0.34149,0.18132,0.74156
"Q790Y8",1.2763,0.35191,0.18138,0.74142
"Q501J6",1.1911,0.25227,0.18358,0.73616
"P14152",1.2588,0.33205,0.18383,0.73557
"Q9CQ19",0.80042,-0.32116,0.18468,0.73358
"Q9D8E6",1.0901,0.12449,0.18503,0.73275
"P24369",1.2019,0.26536,0.18637,0.72961
"Q80XJ7",1.4147,0.50051,0.19033,0.72048
"A0A1W2P7A1",0.80755,-0.30837,0.19125,0.7184
"Q32P04",1.3499,0.43282,0.1943,0.71153
"Q00623",0.89379,-0.16199,0.19538,0.70912
"Q8K411",1.1638,0.2189,0.19885,0.70148
"Q9WTL4",0.31602,-1.6619,0.19969,0.69965
"O08749",0.83681,-0.25702,0.20003,0.69891
"P26645",0.83691,-0.25686,0.20022,0.6985
"A1BN54",1.3416,0.42393,0.20051,0.69787
"Q9CPW4",1.3707,0.45494,0.20091,0.697
"Q80Y14",0.84669,-0.2401,0.20246,0.69366
"P14206",1.2533,0.32569,0.20346,0.69151
"Q8C671",0.69464,-0.52567,0.20461,0.68908
"E9PXX7",0.74291,-0.42874,0.20609,0.68594
"Q5SUT0",0.81778,-0.29022,0.20685,0.68433
"P15626",1.2756,0.3512,0.21312,0.67138
"P54869",1.3161,0.39623,0.21376,0.67007
"O35459",0.61556,-0.70003,0.21393,0.66973
"Q9QUM9",0.77027,-0.37657,0.21552,0.66651
"P09671",0.84393,-0.2448,0.21745,0.66265
"Q6XLQ8",0.84308,-0.24626,0.22126,0.6551
"A0A0G2JFY5",0.82365,-0.2799,0.22502,0.64778
"Q3UJS2",1.4983,0.58333,0.2269,0.64417
"Q810K5",0.83156,-0.26611,0.22806,0.64195
"Q8K4Z3",0.87068,-0.19978,0.22824,0.64161
"P30416",1.3028,0.3816,0.22826,0.64157
"Q5NC81",0.83347,-0.2628,0.2284,0.6413
"E9PWE8",1.1691,0.22543,0.22988,0.63849
"Q149V4",1.2277,0.29596,0.23384,0.63108
"Q3TEA8",1.155,0.20795,0.23493,0.62905
"A0A0A0MQF6",1.161,0.21538,0.23497,0.629
"P68372",1.1767,0.23474,0.23626,0.62661
"D3YYE1",0.81808,-0.28968,0.24058,0.61875
"P18760",0.88304,-0.17944,0.24442,0.61186
"Q3TML0",1.1423,0.19198,0.24446,0.6118
"P62774",0.79792,-0.32569,0.24705,0.60722
"Q6ZWN5",1.1167,0.15928,0.25107,0.60021
"P28474",0.8811,-0.18262,0.25236,0.59799
"P26041",1.1418,0.19136,0.25238,0.59795
"Q5FWB7",1.2112,0.27643,0.25976,0.58543
"Q91YD5",1.5263,0.61007,0.26023,0.58464
"Q91XT3",0.80342,-0.31577,0.26141,0.58267
"Q9Z2K1",0.55055,-0.86107,0.26238,0.58107
"E9Q1G8",1.1979,0.26052,0.26372,0.57885
"Q3UAF6",1.4129,0.49862,0.26378,0.57876
"Q3TDN8",1.4355,0.52156,0.26928,0.5698
"Q3TGU7",1.1722,0.22928,0.27064,0.5676
"Q9EQ20",1.2743,0.34972,0.27187,0.56565
"P60766",1.2669,0.3413,0.27451,0.56144
"Q00915",1.2617,0.33541,0.27787,0.55616
"Q6P5H2",1.2329,0.30204,0.27962,0.55343
"Q9D1A2",0.8313,-0.26656,0.27991,0.55299
"A0A1L1SQA8",0.73958,-0.43523,0.27996,0.5529
"Q9CQQ8",0.67061,-0.57645,0.28321,0.54789
"Q99J29",0.82587,-0.27601,0.28851,0.53984
"Q8CFK5",1.5655,0.64662,0.28893,0.53921
"Q9JHI5",1.1721,0.22909,0.2892,0.5388
"Q8C2Q7",1.1467,0.19747,0.28941,0.53849
"K3W4L3",0.66124,-0.59675,0.28963,0.53815
"Q3U6M5",0.80736,-0.30872,0.29089,0.53626
"P09103",0.90013,-0.1518,0.29658,0.52786
"P47915",0.73367,-0.4468,0.29674,0.52762
"P06745",1.131,0.17759,0.29695,0.52732
"Q8BIJ6",1.0768,0.10674,0.29783,0.52603
"Q3UPA3",1.2799,0.35609,0.29871,0.52475
"Q3ULN5",0.90033,-0.15148,0.30407,0.51702
"Q3UXR4",1.2269,0.29496,0.30691,0.51299
"O08997",0.79563,-0.32984,0.31108,0.50713
"F6T4M4",1.3763,0.46078,0.31125,0.50688
"P09813",0.87114,-0.19902,0.31209,0.50572
"A0A087WRY3",0.74538,-0.42395,0.31258,0.50504
"P19253",1.3083,0.3877,0.31296,0.50451
"Q545F4",1.2282,0.2965,0.31321,0.50417
"Q8K157",1.1958,0.25796,0.31432,0.50262
"Q569Z6",0.82405,-0.2792,0.31534,0.50122
"Q6PJ18",0.84492,-0.24311,0.31862,0.49673
"A0A3B2WDD2",1.1964,0.25864,0.31942,0.49564
"Q3UBU0",1.2149,0.28086,0.3204,0.4943
"P28352",1.2608,0.33438,0.32073,0.49386
"Q3U781",0.67266,-0.57206,0.32082,0.49374
"A5GZX3",0.7342,-0.44575,0.32091,0.49361
"Q3U0V1",0.85676,-0.22304,0.32163,0.49265
"Q8R5L1",0.82278,-0.28142,0.3217,0.49255
"A0A1L1SV25",1.1309,0.17745,0.32202,0.49211
"Q3TXS7",1.3243,0.40518,0.32217,0.49192
"B7FAV1",1.2542,0.32674,0.32652,0.48609
"P97450",0.70456,-0.50521,0.32716,0.48524
"Q58E35",0.72467,-0.4646,0.32806,0.48404
"Q60932",1.2751,0.35059,0.33078,0.48046
"Q3UMI7",1.1074,0.14719,0.33148,0.47954
"Q3TQP7",1.1449,0.19526,0.33159,0.4794
"Q0PD67",1.2076,0.27219,0.33187,0.47903
"D6REG4",1.2634,0.33729,0.33225,0.47854
"G5E8R3",1.3789,0.46356,0.33254,0.47816
"Q60648",0.78961,-0.3408,0.33284,0.47777
"Q3UV17",1.1997,0.26266,0.33599,0.47367
"Q3TXE5",1.1267,0.17207,0.33635,0.47321
"Q9CYT3",1.6111,0.68807,0.33643,0.4731
"Q9D859",1.1629,0.21769,0.33682,0.47261
"O70251",0.74573,-0.42328,0.33707,0.47228
"P47963",1.0969,0.13346,0.3384,0.47057
"Q9CZS1",1.312,0.39175,0.33867,0.47022
"Q9R0P3",1.1074,0.14723,0.33899,0.46981
"O35685",0.61976,-0.69022,0.34039,0.46802
"Q80U89",1.3097,0.38922,0.34244,0.46541
"P17751",0.85184,-0.23135,0.34306,0.46463
"Q3U4H0",1.1923,0.25371,0.34562,0.4614
"Q546G4",0.91748,-0.12426,0.34659,0.46018
"P60824",0.61373,-0.70433,0.35078,0.45496
"Q3UHT6",1.536,0.61922,0.35091,0.4548
"F8WJG3",0.69825,-0.51818,0.35115,0.45451
"A0A6I8MX27",0.82824,-0.27188,0.35584,0.44875
"A2ALF2",0.80404,-0.31467,0.36132,0.4421
"Q561N5",1.162,0.21665,0.36173,0.44161
"Q3U538",2.9682,1.5696,0.36482,0.43793
"P19001",0.66181,-0.5955,0.36569,0.43689
"Q99M74",1.5466,0.62912,0.36624,0.43623
"Q642K1",1.0962,0.13256,0.37053,0.43118
"Q8C845",0.77399,-0.36962,0.37121,0.43038
"P68040",1.175,0.23264,0.37563,0.42524
"F8WID5",0.81912,-0.28785,0.37613,0.42467
"Q6GT24",0.88713,-0.17279,0.37845,0.42199
"A0A0G2JGD2",0.88696,-0.17306,0.38164,0.41835
"Q64475",0.89861,-0.15424,0.38222,0.41768
"P61358",1.0823,0.11411,0.38666,0.41267
"Q9CZU6",1.1921,0.25354,0.38736,0.41189
"A0A171KXD3",1.1344,0.18189,0.38746,0.41177
"Z4YK11",1.3232,0.40404,0.38971,0.40926
"Q6XMP4",1.0041,0.0059703,0.38973,0.40924
"E9Q715",0.83713,-0.25647,0.39022,0.40869
"Q3UK83",0.87127,-0.19881,0.39576,0.40257
"Q3TGW0",1.1696,0.226,0.39707,0.40113
"P42208",1.1168,0.15937,0.39711,0.40108
"Q3TJD4",0.74843,-0.41805,0.39815,0.39996
"Q52KI7",0.8513,-0.23226,0.39899,0.39904
"Q3UJ44",1.1182,0.16116,0.39904,0.39899
"P48678",1.1803,0.23916,0.40085,0.39701
"Q62261",1.2477,0.31924,0.40415,0.39346
"P63325",1.2667,0.34108,0.4042,0.3934
"P97807",1.2394,0.30965,0.40546,0.39206
"Q549A5",0.85311,-0.22919,0.40563,0.39187
"Q3UJP4",1.1603,0.2145,0.40841,0.38891
"G3UZI2",0.85351,-0.22852,0.4093,0.38796
"Q8R0B4",1.1056,0.14481,0.4099,0.38732
"Q3U8D2",0.8983,-0.15473,0.41034,0.38685
"P52503",1.1989,0.26172,0.41052,0.38666
"Q8VDD5",1.333,0.4147,0.41135,0.38578
"Q5EBI8",0.66866,-0.58065,0.41187,0.38524
"Q3UXL1",1.1924,0.25383,0.41283,0.38423
"P63038",0.87602,-0.19096,0.41394,0.38306
"Q5SW83",1.1499,0.20148,0.41421,0.38278
"P00329",0.80129,-0.31961,0.41618,0.38072
"P80315",1.1835,0.24309,0.41729,0.37956
"A2AFI3",0.94155,-0.086886,0.41838,0.37843
"Q542V3",0.80834,-0.30697,0.41942,0.37736
"Q9DBF1",1.1232,0.1676,0.42151,0.37519
"Q3TEK2",1.2603,0.33374,0.42181,0.37488
"Q71LX8",1.2061,0.27033,0.42296,0.3737
"P67778",1.106,0.1454,0.4242,0.37243
"Q4VA28",1.2644,0.33849,0.42459,0.37203
"I6L9E2",0.88049,-0.18363,0.42517,0.37143
"P62897",0.69135,-0.53251,0.42602,0.37057
"A0A0R4J083",1.0491,0.069201,0.4265,0.37008
"Q8BFW7",1.5031,0.58791,0.42654,0.37004
"Q9QUI0",1.127,0.1725,0.42679,0.36978
"G5E924",1.2673,0.3417,0.42935,0.36719
"Q8VDM6",0.84716,-0.2393,0.43,0.36653
"P08030",1.1079,0.14787,0.4308,0.36572
"Q3U292",0.83091,-0.26724,0.4323,0.36422
"P97352",0.53782,-0.89481,0.43541,0.3611
"Q3TF14",1.1112,0.15207,0.43552,0.361
"Q3TIU3",0.86032,-0.21705,0.43564,0.36087
"Q58ET1",0.79531,-0.3304,0.43771,0.35881
"Q3TXL5",1.1142,0.15603,0.43886,0.35767
"B1B0C7",0.67373,-0.56975,0.4395,0.35704
"Q80W39",1.2951,0.37307,0.44057,0.35598
"Q64727",1.2228,0.29019,0.44192,0.35465
"P50446",1.2115,0.27678,0.44452,0.3521
"P06801",0.85216,-0.23081,0.44557,0.35108
"A2AEX6",1.5512,0.63336,0.44762,0.34909
"Q9DCN2",1.6192,0.69529,0.45031,0.34649
"P11031",0.93182,-0.10188,0.452,0.34486
"P68254",0.93003,-0.10465,0.45313,0.34378
"A0A1S6GWH5",1.1764,0.23443,0.45475,0.34222
"O70423",1.2924,0.37002,0.45673,0.34034
"Q8BL97",0.69685,-0.52109,0.46047,0.3368
"Q9CWJ9",1.1964,0.25874,0.46299,0.33443
"Q9CVF5",1.1915,0.25279,0.46433,0.33317
"Q9DAK9",1.3819,0.46662,0.46812,0.32964
"Q3U6S1",0.91855,-0.12256,0.47005,0.32785
"Q9CR16",1.1855,0.24549,0.47112,0.32687
"P11983",1.1738,0.23121,0.47138,0.32663
"A0A1B0GSK5",0.81029,-0.30349,0.47396,0.32426
"Q5D098",0.86945,-0.20182,0.47538,0.32296
"Q3ULK8",1.1655,0.221,0.4828,0.31623
"Q60597",1.2277,0.29592,0.4842,0.31498
"P21300",1.2131,0.27865,0.48506,0.3142
"Q3KQQ1",0.91015,-0.13582,0.48559,0.31373
"Q3ULW0",1.2247,0.29241,0.48564,0.31368
"Q60668",0.86578,-0.20792,0.48632,0.31308
"G3UX26",0.90654,-0.14155,0.48706,0.31242
"Q9DCW4",0.89767,-0.15574,0.49294,0.30721
"Q80T06",0.91638,-0.12598,0.493,0.30715
"Q00PI9",1.1818,0.24102,0.49383,0.30643
"Q99LD8",0.71615,-0.48166,0.4941,0.30619
"E9Q448",0.91381,-0.13004,0.49429,0.30601
"Q3UIJ3",1.0977,0.13445,0.49856,0.30228
"A0A286YCD7",1.3522,0.43535,0.49915,0.30177
"P01872",0.91195,-0.13297,0.50264,0.29874
"Q9QZ88",0.8901,-0.16796,0.50367,0.29785
"P54728",0.89566,-0.15897,0.50528,0.29647
"P49722",1.0886,0.12242,0.50878,0.29347
"Q9CX86",1.1045,0.14343,0.51026,0.29221
"Q61171",0.92272,-0.11604,0.51038,0.29211
"A0A1B0GRR8",0.9173,-0.12453,0.51047,0.29203
"Q3UKR1",0.93392,-0.098634,0.51408,0.28897
"Q3UW40",0.86638,-0.20692,0.51532,0.28792
"Q9D823",0.8819,-0.18132,0.51658,0.28686
"P62869",1.0924,0.12748,0.51747,0.28611
"A0A1W2P729",0.9223,-0.11669,0.52005,0.28395
"Q61578",1.2607,0.33427,0.52277,0.28169
"P51881",0.90661,-0.14145,0.52371,0.28091
"O88342",0.93849,-0.091593,0.52556,0.27938
"Q02257",0.66586,-0.5867,0.52591,0.27909
"Q6P202",0.92032,-0.1198,0.52594,0.27907
"P24472",1.088,0.12163,0.5263,0.27877
"P83940",0.68934,-0.53671,0.5276,0.2777
"E9Q0B5",1.23,0.29864,0.53349,0.27288
"O35639",1.1452,0.19557,0.53374,0.27267
"Q61650",1.2433,0.31421,0.53383,0.2726
"P11087",3.0673,1.617,0.53568,0.2711
"A0A1Y7VJ48",0.87343,-0.19523,0.54057,0.26715
"P24527",0.94238,-0.085618,0.5409,0.26688
"D3Z134",0.91868,-0.12237,0.54368,0.26466
"Q66JR7",0.93219,-0.10131,0.54496,0.26363
"Q9Z2U1",0.83541,-0.25944,0.54551,0.26319
"Q9R0P5",1.0762,0.10595,0.54613,0.2627
"P00920",1.1653,0.22072,0.54766,0.26149
"Q0VDM9",1.1654,0.22083,0.54874,0.26063
"Q99LX0",0.85569,-0.22483,0.5506,0.25917
"G3X8Q5",0.82822,-0.27191,0.55076,0.25904
"E9QNN1",1.1827,0.24208,0.55198,0.25807
"H3BLI9",0.70641,-0.50141,0.55349,0.25689
"Q8C1W9",1.0846,0.11712,0.55649,0.25454
"Q8BG13",0.87913,-0.18585,0.56014,0.2517
"P63254",1.1911,0.2523,0.56189,0.25035
"Q99JY0",0.88459,-0.17692,0.562,0.25026
"Q9D066",1.1725,0.22953,0.5625,0.24988
"P04117",2.1511,1.1051,0.56473,0.24816
"Q9D0M5",0.8362,-0.25809,0.5666,0.24672
"P27546",0.88123,-0.18241,0.57061,0.24366
"Q61553",0.82565,-0.27639,0.57134,0.24311
"Q9Z2X1",1.0466,0.065748,0.57228,0.24239
"J3QMG3",1.1597,0.21377,0.57913,0.23723
"A0A0R4J0Q5",1.0853,0.11805,0.57979,0.23673
"O88693",0.92032,-0.11979,0.58311,0.23425
"P60335",1.0601,0.084194,0.58377,0.23376
"Q99PT1",1.1068,0.14634,0.58668,0.2316
"Q8K3V4",1.1651,0.22048,0.59053,0.22876
"P17918",0.94265,-0.085206,0.59299,0.22695
"Q3U9Q8",1.0769,0.10682,0.59489,0.22556
"P02104",1.1132,0.1547,0.59816,0.22318
"Q1WWK3",0.84845,-0.2371,0.60006,0.2218
"Q5YLW3",1.0876,0.12118,0.60323,0.21952
"Q69ZX3",1.124,0.16858,0.60466,0.21849
"D3Z712",0.85218,-0.23076,0.60497,0.21827
"Q3THU8",1.0635,0.088816,0.60614,0.21743
"Q3V3K3",1.0469,0.066179,0.60724,0.21664
"Q9CQV8",1.0522,0.073411,0.61028,0.21447
"P38647",1.1158,0.15812,0.61186,0.21335
"P62806",0.89522,-0.15968,0.61311,0.21246
"Q3U6P5",1.0313,0.044438,0.61498,0.21114
"Q5XK38",0.89041,-0.16746,0.61516,0.21101
"P10126",1.1391,0.18793,0.617,0.20971
"O88569",0.90057,-0.15108,0.62438,0.20455
"F8WIV2",0.80833,-0.30698,0.62781,0.20218
"A8DUK7",1.1857,0.24573,0.62866,0.20159
"O55234",0.92543,-0.1118,0.63038,0.2004
"Q99J77",0.91681,-0.1253,0.63351,0.19824
"P81183",1.5592,0.64079,0.6353,0.19702
"P50543",0.91993,-0.12041,0.63611,0.19647
"P83917",0.88538,-0.17563,0.64439,0.19085
"Q9WTP6",1.0872,0.12067,0.64522,0.19029
"Q3U518",0.83175,-0.26578,0.64541,0.19016
"A8IP69",0.94563,-0.080656,0.64542,0.19016
"A6BLY7",1.3973,0.48267,0.64781,0.18855
"E9QA15",0.91387,-0.12994,0.64804,0.1884
"Q62426",0.71375,-0.4865,0.6496,0.18735
"P26043",1.0458,0.064662,0.64961,0.18735
"P24815",1.2187,0.28533,0.65202,0.18574
"A2AVJ7",1.0498,0.070167,0.65434,0.18419
"Q6ZWX6",1.0662,0.092532,0.65445,0.18412
"Q3US43",1.1096,0.15003,0.65829,0.18159
"Q923D2",1.1312,0.17786,0.65998,0.18047
"P00493",0.78798,-0.34378,0.66245,0.17885
"Q5M9N5",1.0837,0.11596,0.66426,0.17766
"Q9D1D4",1.1326,0.17968,0.66713,0.17579
"Q9DCC5",0.95099,-0.072498,0.66834,0.175
"P43275",0.95187,-0.071162,0.66864,0.17481
"Q3THW5",1.0574,0.080562,0.67429,0.17116
"P14873",1.0887,0.12256,0.67501,0.17069
"Q3UWP8",0.96256,-0.055058,0.67791,0.16883
"Q6PFA2",0.90932,-0.13715,0.6781,0.1687
"Q9CPT4",0.93918,-0.090532,0.68107,0.16681
"Q3U5Q3",1.8019,0.8495,0.68544,0.16403
"Q05186",0.94896,-0.075588,0.6863,0.16349
"Q9D0T1",0.87531,-0.19214,0.69104,0.1605
"Q8VDN2",1.0419,0.059224,0.69151,0.1602
"P26443",1.0509,0.071641,0.69494,0.15805
"P28665",0.78467,-0.34985,0.69559,0.15765
"P27773",1.0608,0.085182,0.69675,0.15692
"Q5EBP9",1.0544,0.076432,0.69801,0.15614
"Q8C290",1.0741,0.10318,0.69826,0.15598
"Q3UXK8",0.97062,-0.043019,0.69993,0.15494
"Q3TLX1",1.0419,0.059152,0.70072,0.15445
"P06728",1.0789,0.10961,0.70077,0.15442
"Q9CPV4",1.1569,0.21024,0.70196,0.15369
"Q99KP6",1.1131,0.15464,0.7025,0.15335
"Q6IFX2",0.67922,-0.55806,0.70279,0.15317
"P14069",1.0417,0.058979,0.70339,0.15281
"Q9JHR7",1.2147,0.28055,0.70356,0.1527
"Q3TET0",0.70738,-0.49945,0.70439,0.15219
"Q544F6",1.2125,0.278,0.71544,0.14543
"Q61781",0.80709,-0.30919,0.71587,0.14517
"P99029",0.95984,-0.059132,0.71658,0.14474
"G5E850",0.9811,-0.027528,0.71943,0.14301
"Q6A0F1",1.0937,0.12928,0.72363,0.14048
"O08553",1.0217,0.030993,0.72601,0.13906
"P23953",1.0202,0.028859,0.72624,0.13892
"Q60972",0.94429,-0.082704,0.72648,0.13877
"B2RUC7",0.92526,-0.11207,0.72722,0.13834
"Q3TRH8",1.0217,0.030985,0.73024,0.13653
"Q641N3",0.94023,-0.088911,0.73092,0.13613
"Q9D1R9",1.1193,0.16257,0.73206,0.13545
"Q91VC3",0.96338,-0.053821,0.73339,0.13467
"F6QYF8",1.1235,0.16799,0.73656,0.13279
"Q99J57",1.1331,0.18026,0.74113,0.13011
"Q3U1J4",0.77549,-0.36681,0.74487,0.12792
"A0A140LIS5",0.90132,-0.14988,0.74626,0.12711
"Q3UIH5",1.3843,0.46911,0.74711,0.12662
"Q8BVI9",0.90507,-0.14389,0.74922,0.12539
"P29341",1.0279,0.039669,0.74942,0.12527
"P27661",0.95041,-0.073373,0.75452,0.12233
"Q564F6",0.85447,-0.22691,0.75605,0.12145
"P62911",0.95622,-0.064581,0.75635,0.12128
"Q3UKT3",1.0161,0.023029,0.75652,0.12118
"Q9EST5",0.87934,-0.1855,0.75796,0.12035
"A0A1C7CYU3",0.93208,-0.10148,0.76068,0.1188
"P60843",1.1192,0.16244,0.76158,0.11829
"A0A7N9VR94",1.0443,0.062511,0.76179,0.11817
"Q3THG0",1.0282,0.040068,0.76328,0.11732
"Q9DBP5",1.0343,0.048691,0.76493,0.11638
"Q8BHN3",1.0512,0.072088,0.76679,0.11532
"I7HLV2",1.0334,0.047382,0.76769,0.11482
"Q3V2C6",0.98804,-0.017355,0.76904,0.11405
"A0A2I3BPG9",1.0725,0.10101,0.77022,0.11338
"P14733",0.98484,-0.022045,0.7727,0.11199
"Q9DCM0",0.93117,-0.10289,0.77371,0.11142
"Q8BVU9",1.0333,0.047325,0.77964,0.10811
"H3BKG0",1.0537,0.075401,0.78026,0.10776
"G3UYV7",0.97576,-0.035402,0.78081,0.10745
"Q3TMM5",0.8993,-0.15313,0.78208,0.10675
"P07901",1.0681,0.09507,0.78266,0.10643
"Q3TQW3",0.94129,-0.087282,0.78287,0.10631
"P97351",1.0662,0.092541,0.78962,0.10258
"P97315",1.1165,0.15897,0.78965,0.10257
"Q9CQM9",0.94554,-0.080797,0.79089,0.10188
"Q80TM2",0.85795,-0.22104,0.79168,0.10145
"Q9Z1N5",1.0212,0.030245,0.79226,0.10113
"E9PV24",1.0979,0.1347,0.79247,0.10102
"Q9CQ60",0.95618,-0.064646,0.79765,0.09819
"P62242",1.0423,0.059716,0.79998,0.096921
"Q99PU5",0.93322,-0.099717,0.80004,0.096888
"Q6ZWM4",1.1668,0.22254,0.80141,0.096143
"P20029",1.0462,0.065149,0.80169,0.095992
"Q3TXS9",0.97731,-0.033118,0.80827,0.092445
"B2RSV4",0.9514,-0.071874,0.80941,0.091833
"P62830",0.92798,-0.10784,0.81452,0.089101
"Q5BLK1",0.97349,-0.038765,0.81645,0.088073
"Q4VA29",0.94324,-0.084306,0.81977,0.086306
"Q3U955",0.9998,-0.00028312,0.82669,0.082655
"Q0VG47",0.95214,-0.070762,0.82935,0.081264
"Q9CT19",0.94923,-0.075168,0.82983,0.081011
"Q6PDN3",0.98579,-0.020647,0.83083,0.080488
"Q9JMG7",0.97279,-0.039796,0.83143,0.080172
"P59999",0.94444,-0.082471,0.83156,0.080108
"E9Q616",0.96086,-0.0576,0.83353,0.079079
"D3YXK2",0.9119,-0.13306,0.84015,0.075644
"Q3U4Y0",0.9553,-0.065972,0.84313,0.074107
"F6VQ81",1.126,0.17121,0.84406,0.073628
"P16546",1.0283,0.040311,0.84608,0.072591
"Q6ZWQ9",1.0025,0.0036738,0.84614,0.07256
"Q3U367",1.0119,0.017016,0.84628,0.072488
"A0A1D5RME4",1.0398,0.056291,0.8472,0.072012
"Q80V08",1.0672,0.093891,0.85043,0.070363
"Q8K2B3",1.0663,0.092648,0.85065,0.07025
"Q8CGK3",1.0403,0.056958,0.85078,0.070183
"Q9D172",0.99563,-0.0063247,0.85395,0.068568
"Q3UJI2",0.88272,-0.17997,0.8567,0.067169
"Q5FWB6",1.0484,0.068127,0.86068,0.065159
"Q8VC94",1.1336,0.18097,0.86084,0.065076
"A0A0A0MQM0",0.97411,-0.037842,0.86464,0.063165
"Q91VB8",0.94312,-0.084483,0.86518,0.062896
"Q7TMX2",1.08,0.111,0.86618,0.062394
"P45952",1.0183,0.026196,0.86728,0.061841
"Q99LC5",0.9898,-0.014789,0.86761,0.061674
"O54724",1.0975,0.13417,0.8677,0.06163
"A0A1B0GSG5",0.97537,-0.035977,0.86851,0.061227
"Q60864",1.0252,0.03592,0.87341,0.058783
"Q8BNA5",1.014,0.020011,0.87494,0.058024
"P37804",1.1369,0.18511,0.87531,0.05784
"Q9QWL7",1.1935,0.25524,0.8756,0.057694
"Q04447",1.1116,0.1526,0.88304,0.054022
"Q3UJS0",0.97163,-0.041517,0.88525,0.052934
"P14148",1.0448,0.063277,0.89218,0.049546
"Q3TIQ2",0.98193,-0.026304,0.89268,0.049305
"P62900",0.98567,-0.020828,0.89307,0.049114
"P21981",1.3853,0.47017,0.90133,0.045114
"Q3U9N8",0.91882,-0.12215,0.90169,0.044941
"P54071",1.0548,0.076981,0.90585,0.042945
"Q9JL35",0.9517,-0.07142,0.90804,0.041894
"P43274",0.97431,-0.037542,0.91464,0.038752
"B2RXY7",0.98231,-0.025745,0.92016,0.036137
"D3YVR4",0.82168,-0.28334,0.92134,0.035578
"Q9WV55",0.94474,-0.082009,0.92188,0.035325
"O88844",1.1112,0.15212,0.92276,0.03491
"Q3U8W0",0.92623,-0.11056,0.92381,0.034418
"P10605",1.0079,0.011349,0.92467,0.034011
"Q8VIJ6",0.97546,-0.035843,0.92871,0.032118
"A0A1B0GX27",0.96033,-0.058403,0.92904,0.031965
"B2RSH3",1.0426,0.060202,0.92912,0.031928
"Q5BLJ7",1.1806,0.23948,0.93143,0.030851
"O09131",1.0364,0.051641,0.93232,0.030433
"Q8CE30",0.94422,-0.082799,0.93403,0.029638
"Q9CPY7",1.0029,0.0042404,0.93629,0.02859
"Q545F8",1.0875,0.121,0.93787,0.027856
"Q5U222",1.1229,0.16722,0.93862,0.02751
"Q3U9P7",0.93207,-0.10149,0.93923,0.027228
"Q9D2G2",1.0539,0.075687,0.93961,0.027054
"Q9CQI7",0.98597,-0.020388,0.94223,0.025842
"Q3UZH3",1.3871,0.47207,0.9423,0.02581
"Q9DB77",1.0011,0.0015263,0.94411,0.024977
"P62317",0.96815,-0.046694,0.94422,0.024925
"Q3UFZ6",0.8241,-0.27911,0.94564,0.024273
"Q91YR9",0.96662,-0.048985,0.95031,0.022134
"P16015",1.1,0.13752,0.95036,0.02211
"Q52KG9",1.1604,0.21462,0.9538,0.020541
"B1Q450",0.99387,-0.0088774,0.95384,0.020524
"Q542X7",1.0225,0.03217,0.95471,0.02013
"Q8CBC8",1.0149,0.021341,0.95825,0.018521
"Q64471",0.96434,-0.05239,0.95832,0.018488
"Q9Z2T6",1.0565,0.079327,0.96005,0.017706
"Q9QZ82",1.0288,0.041024,0.96166,0.016977
"P09411",1.0412,0.05827,0.96478,0.015571
"P97371",1.0015,0.0022002,0.96649,0.014801
"Q3UGR6",1.0152,0.021724,0.96692,0.014608
"Q3UKH3",0.90849,-0.13846,0.96714,0.014512
"Q3U9M7",1.0155,0.02222,0.96841,0.013942
"P99024",1.0433,0.06114,0.96896,0.013696
"Q8K183",1.2356,0.30517,0.97568,0.010693
"P35700",0.96842,-0.04629,0.97664,0.010266
"Q9CR57",0.97042,-0.043313,0.9822,0.0078004
"P47911",1.0027,0.0039416,0.98612,0.0060683
"Q6ZWZ4",1.1654,0.22088,0.98907,0.0047748
"P48024",1.0132,0.018862,0.99188,0.0035406
"Q3UB67",1.0017,0.0025194,0.99745,0.0011096